idx,baseline,lift,context
40,26.311123968487593,32.88919724800677,clinic
21,26.92956922713908,29.372679138763562,clinic
